creator,stimuli,image,filepath,originality_ocs,percentile_ocs
children,I,1001.png,../data/children/stimuli_I/1001.png,0.79,97.0
children,I,1002.png,../data/children/stimuli_I/1002.png,0.68,88.0
children,I,1003.png,../data/children/stimuli_I/1003.png,0.79,97.0
children,I,1004.png,../data/children/stimuli_I/1004.png,0.41,25.0
children,I,1005.png,../data/children/stimuli_I/1005.png,0.6,74.0
children,I,1006.png,../data/children/stimuli_I/1006.png,0.62,78.0
children,I,1007.png,../data/children/stimuli_I/1007.png,0.64,81.0
children,I,1008.png,../data/children/stimuli_I/1008.png,0.5,48.0
children,I,1009.png,../data/children/stimuli_I/1009.png,0.66,85.0
children,I,1010.png,../data/children/stimuli_I/1010.png,0.62,77.0
children,I,1011.png,../data/children/stimuli_I/1011.png,0.41,25.0
children,I,1012.png,../data/children/stimuli_I/1012.png,0.32,5.0
children,I,1013.png,../data/children/stimuli_I/1013.png,0.39,21.0
children,I,1014.png,../data/children/stimuli_I/1014.png,0.72,93.0
children,I,1015.png,../data/children/stimuli_I/1015.png,0.62,79.0
children,I,1016.png,../data/children/stimuli_I/1016.png,0.58,67.0
children,I,1017.png,../data/children/stimuli_I/1017.png,0.4,24.0
children,I,1018.png,../data/children/stimuli_I/1018.png,0.46,37.0
children,I,1019.png,../data/children/stimuli_I/1019.png,0.47,39.0
children,I,1020.png,../data/children/stimuli_I/1020.png,0.5,47.0
children,I,1022.png,../data/children/stimuli_I/1022.png,0.52,52.0
children,I,1023.png,../data/children/stimuli_I/1023.png,0.52,52.0
children,I,1024.png,../data/children/stimuli_I/1024.png,0.56,62.0
children,I,1025.png,../data/children/stimuli_I/1025.png,0.54,56.0
children,I,1026.png,../data/children/stimuli_I/1026.png,0.57,66.0
children,I,1027.png,../data/children/stimuli_I/1027.png,0.57,64.0
children,I,1028.png,../data/children/stimuli_I/1028.png,0.52,53.0
children,I,1029.png,../data/children/stimuli_I/1029.png,0.24,0.0
children,I,2001.png,../data/children/stimuli_I/2001.png,0.68,89.0
children,I,2002.png,../data/children/stimuli_I/2002.png,0.49,42.0
children,I,2003.png,../data/children/stimuli_I/2003.png,0.59,70.0
children,I,2004.png,../data/children/stimuli_I/2004.png,0.48,41.0
children,I,2009.png,../data/children/stimuli_I/2009.png,0.13,0.0
children,I,2010.png,../data/children/stimuli_I/2010.png,0.51,49.0
children,I,2011.png,../data/children/stimuli_I/2011.png,0.5,47.0
children,I,2012.png,../data/children/stimuli_I/2012.png,0.54,57.0
children,I,2013.png,../data/children/stimuli_I/2013.png,0.61,75.0
children,I,2014.png,../data/children/stimuli_I/2014.png,0.58,67.0
children,I,2015.png,../data/children/stimuli_I/2015.png,0.51,49.0
children,I,2016.png,../data/children/stimuli_I/2016.png,0.55,59.0
children,I,2017.png,../data/children/stimuli_I/2017.png,0.55,60.0
children,I,2018.png,../data/children/stimuli_I/2018.png,0.13,0.0
children,I,3001.png,../data/children/stimuli_I/3001.png,0.33,5.0
children,I,3002.png,../data/children/stimuli_I/3002.png,0.5,48.0
children,I,3005.png,../data/children/stimuli_I/3005.png,0.59,71.0
children,I,3007.png,../data/children/stimuli_I/3007.png,0.61,75.0
children,I,3008.png,../data/children/stimuli_I/3008.png,0.43,29.0
children,I,3009.png,../data/children/stimuli_I/3009.png,0.51,49.0
children,I,3010.png,../data/children/stimuli_I/3010.png,0.43,30.0
children,I,3011.png,../data/children/stimuli_I/3011.png,0.58,68.0
children,I,3013.png,../data/children/stimuli_I/3013.png,0.64,81.0
children,I,3016.png,../data/children/stimuli_I/3016.png,0.23,0.0
children,I,3017.png,../data/children/stimuli_I/3017.png,0.24,0.0
children,I,3018.png,../data/children/stimuli_I/3018.png,0.46,35.0
children,I,3020.png,../data/children/stimuli_I/3020.png,0.54,57.0
children,I,3022.png,../data/children/stimuli_I/3022.png,0.64,82.0
children,I,3023.png,../data/children/stimuli_I/3023.png,0.29,1.0
children,I,3024.png,../data/children/stimuli_I/3024.png,0.44,33.0
children,I,3025.png,../data/children/stimuli_I/3025.png,0.6,73.0
children,I,3026.png,../data/children/stimuli_I/3026.png,0.64,82.0
children,I,3028.png,../data/children/stimuli_I/3028.png,0.5,47.0
children,I,4001.png,../data/children/stimuli_I/4001.png,0.45,35.0
children,I,4002.png,../data/children/stimuli_I/4002.png,0.46,37.0
children,I,4003.png,../data/children/stimuli_I/4003.png,0.56,64.0
children,I,4004.png,../data/children/stimuli_I/4004.png,0.51,49.0
children,I,4005.png,../data/children/stimuli_I/4005.png,0.42,28.0
children,I,4006.png,../data/children/stimuli_I/4006.png,0.54,59.0
children,I,4007.png,../data/children/stimuli_I/4007.png,0.71,92.0
children,I,4008.png,../data/children/stimuli_I/4008.png,0.5,47.0
children,I,4009.png,../data/children/stimuli_I/4009.png,0.38,19.0
children,I,4010.png,../data/children/stimuli_I/4010.png,0.66,86.0
children,I,4011.png,../data/children/stimuli_I/4011.png,0.62,78.0
children,I,4012.png,../data/children/stimuli_I/4012.png,0.52,52.0
children,I,4013.png,../data/children/stimuli_I/4013.png,0.64,82.0
children,I,4014.png,../data/children/stimuli_I/4014.png,0.33,6.0
children,I,4015.png,../data/children/stimuli_I/4015.png,0.44,31.0
children,I,4016.png,../data/children/stimuli_I/4016.png,0.54,58.0
children,I,4017.png,../data/children/stimuli_I/4017.png,0.61,76.0
children,I,4018.png,../data/children/stimuli_I/4018.png,0.65,83.0
children,I,4019.png,../data/children/stimuli_I/4019.png,0.58,69.0
children,I,4020.png,../data/children/stimuli_I/4020.png,0.51,49.0
children,I,4021.png,../data/children/stimuli_I/4021.png,0.58,67.0
children,I,4022.png,../data/children/stimuli_I/4022.png,0.71,92.0
children,I,4023.png,../data/children/stimuli_I/4023.png,0.42,28.0
children,I,4024.png,../data/children/stimuli_I/4024.png,0.7,92.0
children,I,4025.png,../data/children/stimuli_I/4025.png,0.56,63.0
children,I,4026.png,../data/children/stimuli_I/4026.png,0.64,81.0
children,I,5001.png,../data/children/stimuli_I/5001.png,0.64,82.0
children,I,5002.png,../data/children/stimuli_I/5002.png,0.53,55.0
children,I,5003.png,../data/children/stimuli_I/5003.png,0.67,86.0
children,I,5004.png,../data/children/stimuli_I/5004.png,0.48,42.0
children,I,5009.png,../data/children/stimuli_I/5009.png,0.48,41.0
children,I,5010.png,../data/children/stimuli_I/5010.png,0.59,72.0
children,I,5011.png,../data/children/stimuli_I/5011.png,0.41,25.0
children,I,5012.png,../data/children/stimuli_I/5012.png,0.33,6.0
children,I,5018.png,../data/children/stimuli_I/5018.png,0.45,35.0
children,I,5019.png,../data/children/stimuli_I/5019.png,0.57,65.0
children,I,5020.png,../data/children/stimuli_I/5020.png,0.55,59.0
children,I,5021.png,../data/children/stimuli_I/5021.png,0.52,52.0
children,I,5027.png,../data/children/stimuli_I/5027.png,0.58,69.0
children,I,5028.png,../data/children/stimuli_I/5028.png,0.36,12.0
children,I,5029.png,../data/children/stimuli_I/5029.png,0.56,62.0
children,I,6001.png,../data/children/stimuli_I/6001.png,0.52,51.0
children,I,6002.png,../data/children/stimuli_I/6002.png,0.64,81.0
children,I,6003.png,../data/children/stimuli_I/6003.png,0.54,58.0
children,I,6004.png,../data/children/stimuli_I/6004.png,0.51,50.0
children,I,6005.png,../data/children/stimuli_I/6005.png,0.67,86.0
children,I,6006.png,../data/children/stimuli_I/6006.png,0.73,94.0
children,I,6007.png,../data/children/stimuli_I/6007.png,0.69,90.0
children,I,6008.png,../data/children/stimuli_I/6008.png,0.48,42.0
children,I,6009.png,../data/children/stimuli_I/6009.png,0.38,17.0
children,I,6010.png,../data/children/stimuli_I/6010.png,0.54,58.0
children,I,6011.png,../data/children/stimuli_I/6011.png,0.5,47.0
children,I,6012.png,../data/children/stimuli_I/6012.png,0.65,83.0
children,I,6013.png,../data/children/stimuli_I/6013.png,0.17,0.0
children,I,6014.png,../data/children/stimuli_I/6014.png,0.52,51.0
children,I,6015.png,../data/children/stimuli_I/6015.png,0.61,75.0
children,I,6016.png,../data/children/stimuli_I/6016.png,0.65,83.0
children,I,6017.png,../data/children/stimuli_I/6017.png,0.38,19.0
children,I,6018.png,../data/children/stimuli_I/6018.png,0.59,72.0
children,I,6019.png,../data/children/stimuli_I/6019.png,0.55,61.0
children,I,6020.png,../data/children/stimuli_I/6020.png,0.56,63.0
children,I,7001.png,../data/children/stimuli_I/7001.png,0.74,95.0
children,I,7002.png,../data/children/stimuli_I/7002.png,0.46,37.0
children,I,7003.png,../data/children/stimuli_I/7003.png,0.67,87.0
children,I,7004.png,../data/children/stimuli_I/7004.png,0.61,75.0
children,I,7005.png,../data/children/stimuli_I/7005.png,0.77,96.0
children,I,7006.png,../data/children/stimuli_I/7006.png,0.49,46.0
children,I,7007.png,../data/children/stimuli_I/7007.png,0.54,58.0
children,I,7009.png,../data/children/stimuli_I/7009.png,0.46,36.0
children,I,7010.png,../data/children/stimuli_I/7010.png,0.76,96.0
children,I,7011.png,../data/children/stimuli_I/7011.png,0.71,92.0
children,I,7012.png,../data/children/stimuli_I/7012.png,0.55,60.0
children,I,7013.png,../data/children/stimuli_I/7013.png,0.61,74.0
children,I,7014.png,../data/children/stimuli_I/7014.png,0.74,95.0
children,I,7015.png,../data/children/stimuli_I/7015.png,0.62,78.0
children,I,7016.png,../data/children/stimuli_I/7016.png,0.6,73.0
children,I,7017.png,../data/children/stimuli_I/7017.png,0.41,24.0
children,I,7018.png,../data/children/stimuli_I/7018.png,0.56,64.0
children,I,7019.png,../data/children/stimuli_I/7019.png,0.68,88.0
children,I,7020.png,../data/children/stimuli_I/7020.png,0.72,93.0
children,I,7021.png,../data/children/stimuli_I/7021.png,0.6,72.0
children,I,7023.png,../data/children/stimuli_I/7023.png,0.48,41.0
children,I,7024.png,../data/children/stimuli_I/7024.png,0.43,30.0
children,I,7025.png,../data/children/stimuli_I/7025.png,0.62,77.0
children,I,7026.png,../data/children/stimuli_I/7026.png,0.53,54.0
children,I,7027.png,../data/children/stimuli_I/7027.png,0.55,59.0
children,I,7028.png,../data/children/stimuli_I/7028.png,0.44,31.0
