pid,creator,age,filenames,filepaths,flexibility_manual,flexibility_categories
16,adults,,"16__3473_9.jpg, 16__3474_11.jpg, 16__3479_56.jpg","../data/adults/stimuli_G/16__3473_9.jpg, ../data/adults/stimuli_I/16__3474_11.jpg, ../data/adults/stimuli_R/16__3479_56.jpg",1,2
21,adults,,"21__3508_9.jpg, 21__3509_11.jpg, 21__3515_56.jpg","../data/adults/stimuli_G/21__3508_9.jpg, ../data/adults/stimuli_I/21__3509_11.jpg, ../data/adults/stimuli_R/21__3515_56.jpg",2,2
26,adults,,"26__3553_9.jpg, 26__3554_11.jpg, 26__3560_56.jpg","../data/adults/stimuli_G/26__3553_9.jpg, ../data/adults/stimuli_I/26__3554_11.jpg, ../data/adults/stimuli_R/26__3560_56.jpg",1,2
27,adults,,"27__3565_9.jpg, 27__5150_11.jpg, 27__3572_56.jpg","../data/adults/stimuli_G/27__3565_9.jpg, ../data/adults/stimuli_I/27__5150_11.jpg, ../data/adults/stimuli_R/27__3572_56.jpg",2,2
32,adults,,"32__3577_9.jpg, 32__3578_11.jpg, 32__3584_56.jpg","../data/adults/stimuli_G/32__3577_9.jpg, ../data/adults/stimuli_I/32__3578_11.jpg, ../data/adults/stimuli_R/32__3584_56.jpg",0,1
44,adults,,"44__3661_9.jpg, 44__3662_11.jpg, 44__3668_56.jpg","../data/adults/stimuli_G/44__3661_9.jpg, ../data/adults/stimuli_I/44__3662_11.jpg, ../data/adults/stimuli_R/44__3668_56.jpg",0,0
46,adults,,"46__3684_9.jpg, 46__3685_11.jpg, 46__3689_56.jpg","../data/adults/stimuli_G/46__3684_9.jpg, ../data/adults/stimuli_I/46__3685_11.jpg, ../data/adults/stimuli_R/46__3689_56.jpg",1,1
62,adults,,"62__3706_9.jpg, 62__3707_11.jpg, 62__3713_56.jpg","../data/adults/stimuli_G/62__3706_9.jpg, ../data/adults/stimuli_I/62__3707_11.jpg, ../data/adults/stimuli_R/62__3713_56.jpg",1,1
66,adults,,"66__3730_9.jpg, 66__3731_11.jpg, 66__3735_56.jpg","../data/adults/stimuli_G/66__3730_9.jpg, ../data/adults/stimuli_I/66__3731_11.jpg, ../data/adults/stimuli_R/66__3735_56.jpg",1,2
85,adults,,"85__3786_9.jpg, 85__3787_11.jpg, 85__3793_56.jpg","../data/adults/stimuli_G/85__3786_9.jpg, ../data/adults/stimuli_I/85__3787_11.jpg, ../data/adults/stimuli_R/85__3793_56.jpg",2,2
103,adults,,"103__3832_9.jpg, 103__3833_11.jpg, 103__3839_56.jpg","../data/adults/stimuli_G/103__3832_9.jpg, ../data/adults/stimuli_I/103__3833_11.jpg, ../data/adults/stimuli_R/103__3839_56.jpg",1,2
110,adults,,"110__3846_9.jpg, 110__3847_11.jpg, 110__3853_56.jpg","../data/adults/stimuli_G/110__3846_9.jpg, ../data/adults/stimuli_I/110__3847_11.jpg, ../data/adults/stimuli_R/110__3853_56.jpg",2,2
113,adults,,"113__3868_9.jpg, 113__3869_11.jpg, 113__3875_56.jpg","../data/adults/stimuli_G/113__3868_9.jpg, ../data/adults/stimuli_I/113__3869_11.jpg, ../data/adults/stimuli_R/113__3875_56.jpg",1,1
138,adults,,"138__5325_9.jpg, 138__5326_11.jpg, 138__5332_56.jpg","../data/adults/stimuli_G/138__5325_9.jpg, ../data/adults/stimuli_I/138__5326_11.jpg, ../data/adults/stimuli_R/138__5332_56.jpg",1,1
140,adults,,"140__3910_9.jpg, 140__3911_11.jpg, 140__3917_56.jpg","../data/adults/stimuli_G/140__3910_9.jpg, ../data/adults/stimuli_I/140__3911_11.jpg, ../data/adults/stimuli_R/140__3917_56.jpg",2,2
157,adults,,"157__3922_9.jpg, 157__3923_11.jpg, 157__3929_56.jpg","../data/adults/stimuli_G/157__3922_9.jpg, ../data/adults/stimuli_I/157__3923_11.jpg, ../data/adults/stimuli_R/157__3929_56.jpg",0,0
174,adults,,"174__3967_9.jpg, 174__3968_11.jpg, 174__3974_56.jpg","../data/adults/stimuli_G/174__3967_9.jpg, ../data/adults/stimuli_I/174__3968_11.jpg, ../data/adults/stimuli_R/174__3974_56.jpg",1,2
180,adults,,"180__4001_9.jpg, 180__4002_11.jpg, 180__4008_56.jpg","../data/adults/stimuli_G/180__4001_9.jpg, ../data/adults/stimuli_I/180__4002_11.jpg, ../data/adults/stimuli_R/180__4008_56.jpg",2,1
181,adults,,"181__5394_9.jpg, 181__5395_11.jpg, 181__5401_56.jpg","../data/adults/stimuli_G/181__5394_9.jpg, ../data/adults/stimuli_I/181__5395_11.jpg, ../data/adults/stimuli_R/181__5401_56.jpg",2,2
182,adults,,"182__5406_9.jpg, 182__5407_11.jpg, 182__5413_56.jpg","../data/adults/stimuli_G/182__5406_9.jpg, ../data/adults/stimuli_I/182__5407_11.jpg, ../data/adults/stimuli_R/182__5413_56.jpg",2,2
183,adults,,"183__5418_9.jpg, 183__5419_11.jpg, 183__5425_56.jpg","../data/adults/stimuli_G/183__5418_9.jpg, ../data/adults/stimuli_I/183__5419_11.jpg, ../data/adults/stimuli_R/183__5425_56.jpg",1,2
197,adults,,"197__5470_9.jpg, 197__5471_11.jpg, 197__5477_56.jpg","../data/adults/stimuli_G/197__5470_9.jpg, ../data/adults/stimuli_I/197__5471_11.jpg, ../data/adults/stimuli_R/197__5477_56.jpg",1,1
203,adults,,"203__4073_9.jpg, 203__4074_11.jpg, 203__4080_56.jpg","../data/adults/stimuli_G/203__4073_9.jpg, ../data/adults/stimuli_I/203__4074_11.jpg, ../data/adults/stimuli_R/203__4080_56.jpg",2,2
223,adults,,"223__4143_9.jpg, 223__4144_11.jpg, 223__4150_56.jpg","../data/adults/stimuli_G/223__4143_9.jpg, ../data/adults/stimuli_I/223__4144_11.jpg, ../data/adults/stimuli_R/223__4150_56.jpg",1,2
242,adults,,"242__4167_9.jpg, 242__4168_11.jpg, 242__4174_56.jpg","../data/adults/stimuli_G/242__4167_9.jpg, ../data/adults/stimuli_I/242__4168_11.jpg, ../data/adults/stimuli_R/242__4174_56.jpg",2,2
247,adults,,"247__4179_9.jpg, 247__4180_11.jpg, 247__4186_56.jpg","../data/adults/stimuli_G/247__4179_9.jpg, ../data/adults/stimuli_I/247__4180_11.jpg, ../data/adults/stimuli_R/247__4186_56.jpg",1,1
259,adults,,"259__4203_9.jpg, 259__4204_11.jpg, 259__4210_56.jpg","../data/adults/stimuli_G/259__4203_9.jpg, ../data/adults/stimuli_I/259__4204_11.jpg, ../data/adults/stimuli_R/259__4210_56.jpg",1,0
263,adults,,"263__7333_9.jpg, 263__7334_11.jpg, 263__7340_56.jpg","../data/adults/stimuli_G/263__7333_9.jpg, ../data/adults/stimuli_I/263__7334_11.jpg, ../data/adults/stimuli_R/263__7340_56.jpg",2,2
265,adults,,"265__4227_9.jpg, 265__5605_11.jpg, 265__4234_56.jpg","../data/adults/stimuli_G/265__4227_9.jpg, ../data/adults/stimuli_I/265__5605_11.jpg, ../data/adults/stimuli_R/265__4234_56.jpg",2,2
269,adults,,"269__4249_9.jpg, 269__4250_11.jpg, 269__4255_56.jpg","../data/adults/stimuli_G/269__4249_9.jpg, ../data/adults/stimuli_I/269__4250_11.jpg, ../data/adults/stimuli_R/269__4255_56.jpg",2,2
275,adults,,"275__4260_9.jpg, 275__4261_11.jpg, 275__4267_56.jpg","../data/adults/stimuli_G/275__4260_9.jpg, ../data/adults/stimuli_I/275__4261_11.jpg, ../data/adults/stimuli_R/275__4267_56.jpg",1,2
285,adults,,"285__4284_9.jpg, 285__4285_11.jpg, 285__4291_56.jpg","../data/adults/stimuli_G/285__4284_9.jpg, ../data/adults/stimuli_I/285__4285_11.jpg, ../data/adults/stimuli_R/285__4291_56.jpg",1,1
287,adults,,"287__5661_9.jpg, 287__5662_11.jpg, 287__5668_56.jpg","../data/adults/stimuli_G/287__5661_9.jpg, ../data/adults/stimuli_I/287__5662_11.jpg, ../data/adults/stimuli_R/287__5668_56.jpg",2,2
298,adults,,"298__4324_9.jpg, 298__4325_11.jpg, 298__4331_56.jpg","../data/adults/stimuli_G/298__4324_9.jpg, ../data/adults/stimuli_I/298__4325_11.jpg, ../data/adults/stimuli_R/298__4331_56.jpg",1,2
301,adults,,"301__5703_9.jpg, 301__5704_11.jpg, 301__4343_56.jpg","../data/adults/stimuli_G/301__5703_9.jpg, ../data/adults/stimuli_I/301__5704_11.jpg, ../data/adults/stimuli_R/301__4343_56.jpg",2,2
302,adults,,"302__4347_9.jpg, 302__4348_11.jpg, 302__4353_56.jpg","../data/adults/stimuli_G/302__4347_9.jpg, ../data/adults/stimuli_I/302__4348_11.jpg, ../data/adults/stimuli_R/302__4353_56.jpg",1,2
315,adults,,"315__5727_9.jpg, 315__5728_11.jpg, 315__5734_56.jpg","../data/adults/stimuli_G/315__5727_9.jpg, ../data/adults/stimuli_I/315__5728_11.jpg, ../data/adults/stimuli_R/315__5734_56.jpg",2,2
324,adults,,"324__5744_9.jpg, 324__5745_11.jpg, 324__5748_56.jpg","../data/adults/stimuli_G/324__5744_9.jpg, ../data/adults/stimuli_I/324__5745_11.jpg, ../data/adults/stimuli_R/324__5748_56.jpg",1,2
340,adults,,"340__5785_9.jpg, 340__5786_11.jpg, 340__5792_56.jpg","../data/adults/stimuli_G/340__5785_9.jpg, ../data/adults/stimuli_I/340__5786_11.jpg, ../data/adults/stimuli_R/340__5792_56.jpg",1,1
346,adults,,"346__5809_9.jpg, 346__5810_11.jpg, 346__5815_56.jpg","../data/adults/stimuli_G/346__5809_9.jpg, ../data/adults/stimuli_I/346__5810_11.jpg, ../data/adults/stimuli_R/346__5815_56.jpg",2,2
356,adults,,"356__5842_9.jpg, 356__5843_11.jpg, 356__5849_56.jpg","../data/adults/stimuli_G/356__5842_9.jpg, ../data/adults/stimuli_I/356__5843_11.jpg, ../data/adults/stimuli_R/356__5849_56.jpg",1,1
375,adults,,"375__5945_9.jpg, 375__5946_11.jpg, 375__5952_56.jpg","../data/adults/stimuli_G/375__5945_9.jpg, ../data/adults/stimuli_I/375__5946_11.jpg, ../data/adults/stimuli_R/375__5952_56.jpg",1,2
392,adults,,"392__6012_9.jpg, 392__6013_11.jpg, 392__6019_56.jpg","../data/adults/stimuli_G/392__6012_9.jpg, ../data/adults/stimuli_I/392__6013_11.jpg, ../data/adults/stimuli_R/392__6019_56.jpg",1,1
415,adults,,"415__7553_9.jpg, 415__7554_11.jpg, 415__7560_56.jpg","../data/adults/stimuli_G/415__7553_9.jpg, ../data/adults/stimuli_I/415__7554_11.jpg, ../data/adults/stimuli_R/415__7560_56.jpg",1,1
427,adults,,"427__6116_9.jpg, 427__6117_11.jpg, 427__6123_56.jpg","../data/adults/stimuli_G/427__6116_9.jpg, ../data/adults/stimuli_I/427__6117_11.jpg, ../data/adults/stimuli_R/427__6123_56.jpg",2,2
434,adults,,"434__7586_9.jpg, 434__7587_11.jpg, 434__7593_56.jpg","../data/adults/stimuli_G/434__7586_9.jpg, ../data/adults/stimuli_I/434__7587_11.jpg, ../data/adults/stimuli_R/434__7593_56.jpg",1,2
445,adults,,"445__7631_9.jpg, 445__7632_11.jpg, 445__7637_56.jpg","../data/adults/stimuli_G/445__7631_9.jpg, ../data/adults/stimuli_I/445__7632_11.jpg, ../data/adults/stimuli_R/445__7637_56.jpg",1,1
453,adults,,"453__6216_9.jpg, 453__7714_11.jpg, 453__7720_56.jpg","../data/adults/stimuli_G/453__6216_9.jpg, ../data/adults/stimuli_I/453__7714_11.jpg, ../data/adults/stimuli_R/453__7720_56.jpg",2,2
454,adults,,"454__7725_9.jpg, 454__7726_11.jpg, 454__6235_56.jpg","../data/adults/stimuli_G/454__7725_9.jpg, ../data/adults/stimuli_I/454__7726_11.jpg, ../data/adults/stimuli_R/454__6235_56.jpg",2,2
456,adults,,"456__7749_9.jpg, 456__7750_11.jpg, 456__7756_56.jpg","../data/adults/stimuli_G/456__7749_9.jpg, ../data/adults/stimuli_I/456__7750_11.jpg, ../data/adults/stimuli_R/456__7756_56.jpg",2,2
458,adults,,"458__7773_9.jpg, 458__7774_11.jpg, 458__7780_56.jpg","../data/adults/stimuli_G/458__7773_9.jpg, ../data/adults/stimuli_I/458__7774_11.jpg, ../data/adults/stimuli_R/458__7780_56.jpg",2,2
464,adults,,"464__7832_9.jpg, 464__7833_11.jpg, 464__7839_56.jpg","../data/adults/stimuli_G/464__7832_9.jpg, ../data/adults/stimuli_I/464__7833_11.jpg, ../data/adults/stimuli_R/464__7839_56.jpg",2,2
466,adults,,"466__7856_9.jpg, 466__7857_11.jpg, 466__7862_56.jpg","../data/adults/stimuli_G/466__7856_9.jpg, ../data/adults/stimuli_I/466__7857_11.jpg, ../data/adults/stimuli_R/466__7862_56.jpg",1,2
481,adults,,"481__7947_9.jpg, 481__7948_11.jpg, 481__7954_56.jpg","../data/adults/stimuli_G/481__7947_9.jpg, ../data/adults/stimuli_I/481__7948_11.jpg, ../data/adults/stimuli_R/481__7954_56.jpg",1,1
482,adults,,"482__7959_9.jpg, 482__7960_11.jpg, 482__7966_56.jpg","../data/adults/stimuli_G/482__7959_9.jpg, ../data/adults/stimuli_I/482__7960_11.jpg, ../data/adults/stimuli_R/482__7966_56.jpg",1,0
484,adults,,"484__7983_9.jpg, 484__7984_11.jpg, 484__7990_56.jpg","../data/adults/stimuli_G/484__7983_9.jpg, ../data/adults/stimuli_I/484__7984_11.jpg, ../data/adults/stimuli_R/484__7990_56.jpg",1,2
485,adults,,"485__7995_9.jpg, 485__7996_11.jpg, 485__8001_56.jpg","../data/adults/stimuli_G/485__7995_9.jpg, ../data/adults/stimuli_I/485__7996_11.jpg, ../data/adults/stimuli_R/485__8001_56.jpg",1,2
486,adults,,"486__8006_9.jpg, 486__8007_11.jpg, 486__8013_56.jpg","../data/adults/stimuli_G/486__8006_9.jpg, ../data/adults/stimuli_I/486__8007_11.jpg, ../data/adults/stimuli_R/486__8013_56.jpg",1,1
487,adults,,"487__8018_9.jpg, 487__8019_11.jpg, 487__8025_56.jpg","../data/adults/stimuli_G/487__8018_9.jpg, ../data/adults/stimuli_I/487__8019_11.jpg, ../data/adults/stimuli_R/487__8025_56.jpg",1,1
489,adults,,"489__8039_9.jpg, 489__8040_11.jpg, 489__8046_56.jpg","../data/adults/stimuli_G/489__8039_9.jpg, ../data/adults/stimuli_I/489__8040_11.jpg, ../data/adults/stimuli_R/489__8046_56.jpg",2,2
492,adults,,"492__8051_9.jpg, 492__8052_11.jpg, 492__8058_56.jpg","../data/adults/stimuli_G/492__8051_9.jpg, ../data/adults/stimuli_I/492__8052_11.jpg, ../data/adults/stimuli_R/492__8058_56.jpg",1,1
496,adults,,"496__8093_9.jpg, 496__8094_11.jpg, 496__8100_56.jpg","../data/adults/stimuli_G/496__8093_9.jpg, ../data/adults/stimuli_I/496__8094_11.jpg, ../data/adults/stimuli_R/496__8100_56.jpg",2,2
498,adults,,"498__8105_9.jpg, 498__8106_11.jpg, 498__8112_56.jpg","../data/adults/stimuli_G/498__8105_9.jpg, ../data/adults/stimuli_I/498__8106_11.jpg, ../data/adults/stimuli_R/498__8112_56.jpg",1,1
502,adults,,"502__8129_9.jpg, 502__8130_11.jpg, 502__8136_56.jpg","../data/adults/stimuli_G/502__8129_9.jpg, ../data/adults/stimuli_I/502__8130_11.jpg, ../data/adults/stimuli_R/502__8136_56.jpg",1,2
511,adults,,"511__8150_9.jpg, 511__8151_11.jpg, 511__8156_56.jpg","../data/adults/stimuli_G/511__8150_9.jpg, ../data/adults/stimuli_I/511__8151_11.jpg, ../data/adults/stimuli_R/511__8156_56.jpg",1,0
513,adults,,"513__8161_9.jpg, 513__8162_11.jpg, 513__8168_56.jpg","../data/adults/stimuli_G/513__8161_9.jpg, ../data/adults/stimuli_I/513__8162_11.jpg, ../data/adults/stimuli_R/513__8168_56.jpg",2,2
517,adults,,"517__8197_9.jpg, 517__8198_11.jpg, 517__8204_56.jpg","../data/adults/stimuli_G/517__8197_9.jpg, ../data/adults/stimuli_I/517__8198_11.jpg, ../data/adults/stimuli_R/517__8204_56.jpg",1,1
520,adults,,"520__8220_9.jpg, 520__8221_11.jpg, 520__8227_56.jpg","../data/adults/stimuli_G/520__8220_9.jpg, ../data/adults/stimuli_I/520__8221_11.jpg, ../data/adults/stimuli_R/520__8227_56.jpg",1,1
521,adults,,"521__8232_9.jpg, 521__8233_11.jpg, 521__8239_56.jpg","../data/adults/stimuli_G/521__8232_9.jpg, ../data/adults/stimuli_I/521__8233_11.jpg, ../data/adults/stimuli_R/521__8239_56.jpg",1,1
522,adults,,"522__8244_9.jpg, 522__8245_11.jpg, 522__8251_56.jpg","../data/adults/stimuli_G/522__8244_9.jpg, ../data/adults/stimuli_I/522__8245_11.jpg, ../data/adults/stimuli_R/522__8251_56.jpg",1,1
524,adults,,"524__8256_9.jpg, 524__8257_11.jpg, 524__8263_56.jpg","../data/adults/stimuli_G/524__8256_9.jpg, ../data/adults/stimuli_I/524__8257_11.jpg, ../data/adults/stimuli_R/524__8263_56.jpg",1,1
529,adults,,"529__8268_9.jpg, 529__8269_11.jpg, 529__8275_56.jpg","../data/adults/stimuli_G/529__8268_9.jpg, ../data/adults/stimuli_I/529__8269_11.jpg, ../data/adults/stimuli_R/529__8275_56.jpg",2,2
530,adults,,"530__8280_9.jpg, 530__8281_11.jpg, 530__8287_56.jpg","../data/adults/stimuli_G/530__8280_9.jpg, ../data/adults/stimuli_I/530__8281_11.jpg, ../data/adults/stimuli_R/530__8287_56.jpg",1,1
532,adults,,"532__8304_9.jpg, 532__8305_11.jpg, 532__8311_56.jpg","../data/adults/stimuli_G/532__8304_9.jpg, ../data/adults/stimuli_I/532__8305_11.jpg, ../data/adults/stimuli_R/532__8311_56.jpg",2,2
533,adults,,"533__8316_9.jpg, 533__8317_11.jpg, 533__8322_56.jpg","../data/adults/stimuli_G/533__8316_9.jpg, ../data/adults/stimuli_I/533__8317_11.jpg, ../data/adults/stimuli_R/533__8322_56.jpg",0,1
534,adults,,"534__8327_9.jpg, 534__8328_11.jpg, 534__8334_56.jpg","../data/adults/stimuli_G/534__8327_9.jpg, ../data/adults/stimuli_I/534__8328_11.jpg, ../data/adults/stimuli_R/534__8334_56.jpg",1,2
538,adults,,"538__8349_9.jpg, 538__8350_11.jpg, 538__8356_56.jpg","../data/adults/stimuli_G/538__8349_9.jpg, ../data/adults/stimuli_I/538__8350_11.jpg, ../data/adults/stimuli_R/538__8356_56.jpg",1,1
541,adults,,"541__8371_9.jpg, 541__8372_11.jpg, 541__8378_56.jpg","../data/adults/stimuli_G/541__8371_9.jpg, ../data/adults/stimuli_I/541__8372_11.jpg, ../data/adults/stimuli_R/541__8378_56.jpg",2,2
542,adults,,"542__8383_9.jpg, 542__8384_11.jpg, 542__8390_56.jpg","../data/adults/stimuli_G/542__8383_9.jpg, ../data/adults/stimuli_I/542__8384_11.jpg, ../data/adults/stimuli_R/542__8390_56.jpg",2,2
543,adults,,"543__8395_9.jpg, 543__8396_11.jpg, 543__8402_56.jpg","../data/adults/stimuli_G/543__8395_9.jpg, ../data/adults/stimuli_I/543__8396_11.jpg, ../data/adults/stimuli_R/543__8402_56.jpg",1,2
547,adults,,"547__8431_9.jpg, 547__8432_11.jpg, 547__8438_56.jpg","../data/adults/stimuli_G/547__8431_9.jpg, ../data/adults/stimuli_I/547__8432_11.jpg, ../data/adults/stimuli_R/547__8438_56.jpg",1,2
549,adults,,"549__8443_9.jpg, 549__8444_11.jpg, 549__8448_56.jpg","../data/adults/stimuli_G/549__8443_9.jpg, ../data/adults/stimuli_I/549__8444_11.jpg, ../data/adults/stimuli_R/549__8448_56.jpg",1,0
551,adults,,"551__8453_9.jpg, 551__8454_11.jpg, 551__8460_56.jpg","../data/adults/stimuli_G/551__8453_9.jpg, ../data/adults/stimuli_I/551__8454_11.jpg, ../data/adults/stimuli_R/551__8460_56.jpg",1,1
554,adults,,"554__8477_9.jpg, 554__8478_11.jpg, 554__8483_56.jpg","../data/adults/stimuli_G/554__8477_9.jpg, ../data/adults/stimuli_I/554__8478_11.jpg, ../data/adults/stimuli_R/554__8483_56.jpg",1,1
556,adults,,"556__8488_9.jpg, 556__8489_11.jpg, 556__8495_56.jpg","../data/adults/stimuli_G/556__8488_9.jpg, ../data/adults/stimuli_I/556__8489_11.jpg, ../data/adults/stimuli_R/556__8495_56.jpg",1,0
558,adults,,"558__8500_9.jpg, 558__8501_11.jpg, 558__8507_56.jpg","../data/adults/stimuli_G/558__8500_9.jpg, ../data/adults/stimuli_I/558__8501_11.jpg, ../data/adults/stimuli_R/558__8507_56.jpg",0,0
562,adults,,"562__8519_9.jpg, 562__8520_11.jpg, 562__8524_56.jpg","../data/adults/stimuli_G/562__8519_9.jpg, ../data/adults/stimuli_I/562__8520_11.jpg, ../data/adults/stimuli_R/562__8524_56.jpg",1,0
563,adults,,"563__8529_9.jpg, 563__8530_11.jpg, 563__8536_56.jpg","../data/adults/stimuli_G/563__8529_9.jpg, ../data/adults/stimuli_I/563__8530_11.jpg, ../data/adults/stimuli_R/563__8536_56.jpg",1,2
564,adults,,"564__8541_9.jpg, 564__8542_11.jpg, 564__8548_56.jpg","../data/adults/stimuli_G/564__8541_9.jpg, ../data/adults/stimuli_I/564__8542_11.jpg, ../data/adults/stimuli_R/564__8548_56.jpg",2,2
567,adults,,"567__8577_9.jpg, 567__8578_11.jpg, 567__8582_56.jpg","../data/adults/stimuli_G/567__8577_9.jpg, ../data/adults/stimuli_I/567__8578_11.jpg, ../data/adults/stimuli_R/567__8582_56.jpg",1,2
568,adults,,"568__8587_9.jpg, 568__8588_11.jpg, 568__8593_56.jpg","../data/adults/stimuli_G/568__8587_9.jpg, ../data/adults/stimuli_I/568__8588_11.jpg, ../data/adults/stimuli_R/568__8593_56.jpg",1,2
570,adults,,"570__8598_9.jpg, 570__8599_11.jpg, 570__8605_56.jpg","../data/adults/stimuli_G/570__8598_9.jpg, ../data/adults/stimuli_I/570__8599_11.jpg, ../data/adults/stimuli_R/570__8605_56.jpg",1,2
575,adults,,"575__8622_9.jpg, 575__8623_11.jpg, 575__8629_56.jpg","../data/adults/stimuli_G/575__8622_9.jpg, ../data/adults/stimuli_I/575__8623_11.jpg, ../data/adults/stimuli_R/575__8629_56.jpg",1,2
577,adults,,"577__8634_9.jpg, 577__8635_11.jpg, 577__8641_56.jpg","../data/adults/stimuli_G/577__8634_9.jpg, ../data/adults/stimuli_I/577__8635_11.jpg, ../data/adults/stimuli_R/577__8641_56.jpg",0,1
583,adults,,"583__8658_9.jpg, 583__8659_11.jpg, 583__8665_56.jpg","../data/adults/stimuli_G/583__8658_9.jpg, ../data/adults/stimuli_I/583__8659_11.jpg, ../data/adults/stimuli_R/583__8665_56.jpg",1,1
584,adults,,"584__8670_9.jpg, 584__8671_11.jpg, 584__8677_56.jpg","../data/adults/stimuli_G/584__8670_9.jpg, ../data/adults/stimuli_I/584__8671_11.jpg, ../data/adults/stimuli_R/584__8677_56.jpg",2,2
587,adults,,"587__8693_9.jpg, 587__8694_11.jpg, 587__8699_56.jpg","../data/adults/stimuli_G/587__8693_9.jpg, ../data/adults/stimuli_I/587__8694_11.jpg, ../data/adults/stimuli_R/587__8699_56.jpg",1,1
588,adults,,"588__8704_9.jpg, 588__8705_11.jpg, 588__8711_56.jpg","../data/adults/stimuli_G/588__8704_9.jpg, ../data/adults/stimuli_I/588__8705_11.jpg, ../data/adults/stimuli_R/588__8711_56.jpg",0,1
590,adults,,"590__8728_9.jpg, 590__8729_11.jpg, 590__8735_56.jpg","../data/adults/stimuli_G/590__8728_9.jpg, ../data/adults/stimuli_I/590__8729_11.jpg, ../data/adults/stimuli_R/590__8735_56.jpg",1,1
591,adults,,"591__8740_9.jpg, 591__8741_11.jpg, 591__8747_56.jpg","../data/adults/stimuli_G/591__8740_9.jpg, ../data/adults/stimuli_I/591__8741_11.jpg, ../data/adults/stimuli_R/591__8747_56.jpg",1,0
592,adults,,"592__8752_9.jpg, 592__8753_11.jpg, 592__8759_56.jpg","../data/adults/stimuli_G/592__8752_9.jpg, ../data/adults/stimuli_I/592__8753_11.jpg, ../data/adults/stimuli_R/592__8759_56.jpg",0,0
594,adults,,"594__8774_9.jpg, 594__8775_11.jpg, 594__8781_56.jpg","../data/adults/stimuli_G/594__8774_9.jpg, ../data/adults/stimuli_I/594__8775_11.jpg, ../data/adults/stimuli_R/594__8781_56.jpg",2,2
598,adults,,"598__8786_9.jpg, 598__8787_11.jpg, 598__8793_56.jpg","../data/adults/stimuli_G/598__8786_9.jpg, ../data/adults/stimuli_I/598__8787_11.jpg, ../data/adults/stimuli_R/598__8793_56.jpg",2,2
601,adults,,"601__8798_9.jpg, 601__8799_11.jpg, 601__8805_56.jpg","../data/adults/stimuli_G/601__8798_9.jpg, ../data/adults/stimuli_I/601__8799_11.jpg, ../data/adults/stimuli_R/601__8805_56.jpg",2,2
607,adults,,"607__8830_9.jpg, 607__8831_11.jpg, 607__8837_56.jpg","../data/adults/stimuli_G/607__8830_9.jpg, ../data/adults/stimuli_I/607__8831_11.jpg, ../data/adults/stimuli_R/607__8837_56.jpg",2,2
614,adults,,"614__8854_9.jpg, 614__8855_11.jpg, 614__8861_56.jpg","../data/adults/stimuli_G/614__8854_9.jpg, ../data/adults/stimuli_I/614__8855_11.jpg, ../data/adults/stimuli_R/614__8861_56.jpg",2,2
618,adults,,"618__8898_9.jpg, 618__8899_11.jpg, 618__8904_56.jpg","../data/adults/stimuli_G/618__8898_9.jpg, ../data/adults/stimuli_I/618__8899_11.jpg, ../data/adults/stimuli_R/618__8904_56.jpg",1,2
625,adults,,"625__8917_9.jpg, 625__8918_11.jpg, 625__8924_56.jpg","../data/adults/stimuli_G/625__8917_9.jpg, ../data/adults/stimuli_I/625__8918_11.jpg, ../data/adults/stimuli_R/625__8924_56.jpg",0,0
632,adults,,"632__8941_9.jpg, 632__8942_11.jpg, 632__8948_56.jpg","../data/adults/stimuli_G/632__8941_9.jpg, ../data/adults/stimuli_I/632__8942_11.jpg, ../data/adults/stimuli_R/632__8948_56.jpg",2,2
634,adults,,"634__8953_9.jpg, 634__8954_11.jpg, 634__8960_56.jpg","../data/adults/stimuli_G/634__8953_9.jpg, ../data/adults/stimuli_I/634__8954_11.jpg, ../data/adults/stimuli_R/634__8960_56.jpg",2,2
635,adults,,"635__8965_9.jpg, 635__8966_11.jpg, 635__8972_56.jpg","../data/adults/stimuli_G/635__8965_9.jpg, ../data/adults/stimuli_I/635__8966_11.jpg, ../data/adults/stimuli_R/635__8972_56.jpg",0,1
680,adults,,"680__396_9.jpg, 680__397_11.jpg, 680__402_56.jpg","../data/adults/stimuli_G/680__396_9.jpg, ../data/adults/stimuli_I/680__397_11.jpg, ../data/adults/stimuli_R/680__402_56.jpg",1,1
681,adults,,"681__406_9.jpg, 681__407_11.jpg, 681__1442_56.jpg","../data/adults/stimuli_G/681__406_9.jpg, ../data/adults/stimuli_I/681__407_11.jpg, ../data/adults/stimuli_R/681__1442_56.jpg",0,1
685,adults,,"685__411_9.jpg, 685__412_11.jpg, 685__416_56.jpg","../data/adults/stimuli_G/685__411_9.jpg, ../data/adults/stimuli_I/685__412_11.jpg, ../data/adults/stimuli_R/685__416_56.jpg",0,1
720,adults,,"720__8991_9.jpg, 720__6453_11.jpg, 720__6459_56.jpg","../data/adults/stimuli_G/720__8991_9.jpg, ../data/adults/stimuli_I/720__6453_11.jpg, ../data/adults/stimuli_R/720__6459_56.jpg",2,2
733,adults,,"733__6606_9.jpg, 733__6607_11.jpg, 733__6613_56.jpg","../data/adults/stimuli_G/733__6606_9.jpg, ../data/adults/stimuli_I/733__6607_11.jpg, ../data/adults/stimuli_R/733__6613_56.jpg",1,2
737,adults,,"737__6654_9.jpg, 737__6655_11.jpg, 737__6661_56.jpg","../data/adults/stimuli_G/737__6654_9.jpg, ../data/adults/stimuli_I/737__6655_11.jpg, ../data/adults/stimuli_R/737__6661_56.jpg",1,2
738,adults,,"738__6666_9.jpg, 738__6667_11.jpg, 738__6672_56.jpg","../data/adults/stimuli_G/738__6666_9.jpg, ../data/adults/stimuli_I/738__6667_11.jpg, ../data/adults/stimuli_R/738__6672_56.jpg",1,2
914,adults,,"914__9371_9.jpg, 914__9372_11.jpg, 914__9378_56.jpg","../data/adults/stimuli_G/914__9371_9.jpg, ../data/adults/stimuli_I/914__9372_11.jpg, ../data/adults/stimuli_R/914__9378_56.jpg",1,2
915,adults,,"915__9383_9.jpg, 915__9384_11.jpg, 915__9390_56.jpg","../data/adults/stimuli_G/915__9383_9.jpg, ../data/adults/stimuli_I/915__9384_11.jpg, ../data/adults/stimuli_R/915__9390_56.jpg",2,2
916,adults,,"916__9395_9.jpg, 916__9396_11.jpg, 916__9402_56.jpg","../data/adults/stimuli_G/916__9395_9.jpg, ../data/adults/stimuli_I/916__9396_11.jpg, ../data/adults/stimuli_R/916__9402_56.jpg",2,2
920,adults,,"920__9443_9.jpg, 920__9444_11.jpg, 920__9450_56.jpg","../data/adults/stimuli_G/920__9443_9.jpg, ../data/adults/stimuli_I/920__9444_11.jpg, ../data/adults/stimuli_R/920__9450_56.jpg",1,1
938,adults,,"938__7047_9.jpg, 938__7048_11.jpg, 938__7054_56.jpg","../data/adults/stimuli_G/938__7047_9.jpg, ../data/adults/stimuli_I/938__7048_11.jpg, ../data/adults/stimuli_R/938__7054_56.jpg",1,1
978,adults,,"978__7095_9.jpg, 978__9584_11.jpg, 978__9590_56.jpg","../data/adults/stimuli_G/978__7095_9.jpg, ../data/adults/stimuli_I/978__9584_11.jpg, ../data/adults/stimuli_R/978__9590_56.jpg",1,2
981,adults,,"981__7119_9.jpg, 981__7120_11.jpg, 981__7126_56.jpg","../data/adults/stimuli_G/981__7119_9.jpg, ../data/adults/stimuli_I/981__7120_11.jpg, ../data/adults/stimuli_R/981__7126_56.jpg",2,2
987,adults,,"987__9677_9.jpg, 987__9678_11.jpg, 987__9684_56.jpg","../data/adults/stimuli_G/987__9677_9.jpg, ../data/adults/stimuli_I/987__9678_11.jpg, ../data/adults/stimuli_R/987__9684_56.jpg",1,2
991,adults,,"991__7221_9.jpg, 991__7222_11.jpg, 991__7228_56.jpg","../data/adults/stimuli_G/991__7221_9.jpg, ../data/adults/stimuli_I/991__7222_11.jpg, ../data/adults/stimuli_R/991__7228_56.jpg",1,2
992,adults,,"992__7232_9.jpg, 992__9714_11.jpg, 992__7233_56.jpg","../data/adults/stimuli_G/992__7232_9.jpg, ../data/adults/stimuli_I/992__9714_11.jpg, ../data/adults/stimuli_R/992__7233_56.jpg",1,2
1621,adults,,"1621__1233_9.jpg, 1621__1234_11.jpg, 1621__1240_56.jpg","../data/adults/stimuli_G/1621__1233_9.jpg, ../data/adults/stimuli_I/1621__1234_11.jpg, ../data/adults/stimuli_R/1621__1240_56.jpg",2,2
1622,adults,,"1622__7239_9.jpg, 1622__7240_11.jpg, 1622__7246_56.jpg","../data/adults/stimuli_G/1622__7239_9.jpg, ../data/adults/stimuli_I/1622__7240_11.jpg, ../data/adults/stimuli_R/1622__7246_56.jpg",0,1
1626,adults,,"1626__1256_9.jpg, 1626__1257_11.jpg, 1626__1261_56.jpg","../data/adults/stimuli_G/1626__1256_9.jpg, ../data/adults/stimuli_I/1626__1257_11.jpg, ../data/adults/stimuli_R/1626__1261_56.jpg",2,2
1663,adults,,"1663__1266_9.jpg, 1663__1267_11.jpg, 1663__1271_56.jpg","../data/adults/stimuli_G/1663__1266_9.jpg, ../data/adults/stimuli_I/1663__1267_11.jpg, ../data/adults/stimuli_R/1663__1271_56.jpg",1,1
1664,adults,,"1664__1276_9.jpg, 1664__1277_11.jpg, 1664__1281_56.jpg","../data/adults/stimuli_G/1664__1276_9.jpg, ../data/adults/stimuli_I/1664__1277_11.jpg, ../data/adults/stimuli_R/1664__1281_56.jpg",2,2
1665,adults,,"1665__1286_9.jpg, 1665__362_11.jpg, 1665__1291_56.jpg","../data/adults/stimuli_G/1665__1286_9.jpg, ../data/adults/stimuli_I/1665__362_11.jpg, ../data/adults/stimuli_R/1665__1291_56.jpg",2,2
1666,adults,,"1666__1295_9.jpg, 1666__1296_11.jpg, 1666__1302_56.jpg","../data/adults/stimuli_G/1666__1295_9.jpg, ../data/adults/stimuli_I/1666__1296_11.jpg, ../data/adults/stimuli_R/1666__1302_56.jpg",1,1
1667,adults,,"1667__1307_9.jpg, 1667__1308_11.jpg, 1667__364_56.jpg","../data/adults/stimuli_G/1667__1307_9.jpg, ../data/adults/stimuli_I/1667__1308_11.jpg, ../data/adults/stimuli_R/1667__364_56.jpg",2,2
1675,adults,,"1675__9725_9.jpg, 1675__9726_11.jpg, 1675__9732_56.jpg","../data/adults/stimuli_G/1675__9725_9.jpg, ../data/adults/stimuli_I/1675__9726_11.jpg, ../data/adults/stimuli_R/1675__9732_56.jpg",1,2
1676,adults,,"1676__9737_9.jpg, 1676__9738_11.jpg, 1676__9744_56.jpg","../data/adults/stimuli_G/1676__9737_9.jpg, ../data/adults/stimuli_I/1676__9738_11.jpg, ../data/adults/stimuli_R/1676__9744_56.jpg",1,2
1740,adults,,"1740__1329_9.jpg, 1740__1330_11.jpg, 1740__1335_56.jpg","../data/adults/stimuli_G/1740__1329_9.jpg, ../data/adults/stimuli_I/1740__1330_11.jpg, ../data/adults/stimuli_R/1740__1335_56.jpg",1,2
1741,adults,,"1741__368_9.jpg, 1741__1338_11.jpg, 1741__1343_56.jpg","../data/adults/stimuli_G/1741__368_9.jpg, ../data/adults/stimuli_I/1741__1338_11.jpg, ../data/adults/stimuli_R/1741__1343_56.jpg",2,2
1743,adults,,"1743__1355_9.jpg, 1743__1356_11.jpg, 1743__1361_56.jpg","../data/adults/stimuli_G/1743__1355_9.jpg, ../data/adults/stimuli_I/1743__1356_11.jpg, ../data/adults/stimuli_R/1743__1361_56.jpg",1,2
1744,adults,,"1744__1365_9.jpg, 1744__1366_11.jpg, 1744__1371_56.jpg","../data/adults/stimuli_G/1744__1365_9.jpg, ../data/adults/stimuli_I/1744__1366_11.jpg, ../data/adults/stimuli_R/1744__1371_56.jpg",0,0
1748,adults,,"1748__1375_9.jpg, 1748__1376_11.jpg, 1748__1379_56.jpg","../data/adults/stimuli_G/1748__1375_9.jpg, ../data/adults/stimuli_I/1748__1376_11.jpg, ../data/adults/stimuli_R/1748__1379_56.jpg",1,2
1749,adults,,"1749__1381_9.jpg, 1749__381_11.jpg, 1749__1385_56.jpg","../data/adults/stimuli_G/1749__1381_9.jpg, ../data/adults/stimuli_I/1749__381_11.jpg, ../data/adults/stimuli_R/1749__1385_56.jpg",1,2
1750,adults,,"1750__385_9.jpg, 1750__1389_11.jpg, 1750__1395_56.jpg","../data/adults/stimuli_G/1750__385_9.jpg, ../data/adults/stimuli_I/1750__1389_11.jpg, ../data/adults/stimuli_R/1750__1395_56.jpg",1,2
1751,adults,,"1751__1400_9.jpg, 1751__1401_11.jpg, 1751__1407_56.jpg","../data/adults/stimuli_G/1751__1400_9.jpg, ../data/adults/stimuli_I/1751__1401_11.jpg, ../data/adults/stimuli_R/1751__1407_56.jpg",2,2
1753,adults,,"1753__1411_9.jpg, 1753__1412_11.jpg, 1753__1415_56.jpg","../data/adults/stimuli_G/1753__1411_9.jpg, ../data/adults/stimuli_I/1753__1412_11.jpg, ../data/adults/stimuli_R/1753__1415_56.jpg",1,2
1755,adults,,"1755__1420_9.jpg, 1755__1421_11.jpg, 1755__1426_56.jpg","../data/adults/stimuli_G/1755__1420_9.jpg, ../data/adults/stimuli_I/1755__1421_11.jpg, ../data/adults/stimuli_R/1755__1426_56.jpg",1,1